name,lig_cov,poc_cov,lig_name,volume,enclosure,surface,depth,surf/vol,lid/hull,ellVol,ell c/a,ell b/a,siteAtms,accept,donor,hydrophobic_interactions,hydrophobicity,metal,Cs,Ns,Os,Ss,Xs,negAA,posAA,polarAA,apolarAA,ALA,ARG,ASN,ASP,CYS,GLN,GLU,GLY,HIS,ILE,LEU,LYS,MET,PHE,PRO,SER,THR,TRP,TYR,VAL,simpleScore,drugScore
P_0,0.00,0.00,"",525.70,0.23,915.35,12.59,1.7412022065817006,-,-,0.22,0.39,106,  33,  15,  51,0.52,   0,  72,  16,  17,   1,   0,0.18,0.23,0.36,0.23,   2,   1,   0,   1,   0,   0,   3,   1,   1,   0,   2,   3,   1,   0,   0,   2,   3,   0,   2,   0,0.38,0.632434
P_1,0.00,0.00,"",484.29,0.16,684.82,20.45,1.4140700819756757,-,-,0.07,0.09,100,  31,   8,  47,0.55,   0,  69,  13,  15,   3,   0,0.05,0.05,0.32,0.58,   1,   0,   2,   1,   1,   2,   0,   0,   1,   1,   3,   0,   2,   1,   0,   0,   1,   1,   0,   2,0.37,0.821736
P_2,0.00,0.00,"",436.35,0.22,633.29,11.16,1.4513349375501317,-,-,0.16,0.21,84,  19,  27,  24,0.34,   0,  52,  21,  10,   1,   0,0.14,0.50,0.29,0.07,   0,   4,   1,   2,   0,   0,   0,   0,   1,   0,   0,   2,   1,   0,   0,   2,   0,   0,   1,   0,0.24,0.5
P_3,0.00,0.00,"",177.73,0.13,364.61,12.30,2.051482585944973,-,-,0.24,0.37,61,  18,   7,  11,0.31,   0,  43,   8,  10,   0,   0,0.23,0.38,0.15,0.23,   0,   3,   0,   0,   0,   1,   3,   0,   0,   1,   2,   2,   0,   0,   0,   1,   0,   0,   0,   0,0.00,0.408331
P_4,0.00,0.00,"",142.08,0.31,250.72,7.96,1.7646396396396395,-,-,0.29,0.45,43,  12,   9,   8,0.28,   0,  30,   8,   5,   0,   0,0.12,0.25,0.50,0.12,   0,   1,   2,   1,   0,   1,   0,   0,   0,   0,   0,   1,   0,   0,   0,   0,   0,   1,   1,   0,0.00,0.195138
P_5,0.00,0.00,"",137.02,0.19,237.29,8.06,1.7317909794190627,-,-,0.56,0.87,48,   8,   6,  12,0.46,   0,  35,   7,   6,   0,   0,0.09,0.18,0.36,0.36,   0,   1,   0,   1,   0,   0,   0,   1,   0,   0,   0,   1,   0,   0,   2,   1,   1,   2,   1,   0,0.00,0.236237
P_6,0.00,0.00,"",116.99,0.06,302.66,7.65,2.5870587229677753,-,-,0.40,0.59,54,  18,   7,  19,0.43,   0,  35,   9,  10,   0,   0,0.17,0.17,0.33,0.33,   1,   1,   0,   1,   0,   0,   1,   1,   0,   0,   1,   1,   0,   0,   1,   2,   1,   1,   0,   0,0.00,0.204006
