name,lig_cov,poc_cov,lig_name,volume,enclosure,surface,depth,surf/vol,lid/hull,ellVol,ell c/a,ell b/a,siteAtms,accept,donor,hydrophobic_interactions,hydrophobicity,metal,Cs,Ns,Os,Ss,Xs,negAA,posAA,polarAA,apolarAA,ALA,ARG,ASN,ASP,CYS,GLN,GLU,GLY,HIS,ILE,LEU,LYS,MET,PHE,PRO,SER,THR,TRP,TYR,VAL,simpleScore,drugScore
P_0,0.00,0.00,"",661.12,0.16,864.06,17.27,1.3069639399806388,-,-,0.06,0.09,142,  50,  14,  39,0.38,   0,  97,  18,  26,   1,   0,0.22,0.09,0.38,0.31,   0,   1,   2,   2,   1,   3,   5,   3,   1,   0,   0,   1,   0,   2,   0,   1,   0,   6,   2,   2,0.43,0.78167
P_1,0.00,0.00,"",161.79,0.13,384.34,8.74,2.3755485505902714,-,-,0.13,0.18,54,  16,   7,  12,0.34,   0,  36,   9,   9,   0,   0,0.20,0.10,0.30,0.40,   1,   1,   1,   1,   0,   0,   1,   0,   0,   0,   0,   0,   0,   1,   0,   2,   0,   2,   0,   0,0.00,0.285033
P_2,0.00,0.00,"",156.29,0.12,401.27,12.38,2.567470727493762,-,-,0.10,0.20,72,  20,  12,  17,0.35,   0,  47,  15,  10,   0,   0,0.00,0.12,0.65,0.24,   1,   1,   4,   0,   0,   0,   0,   2,   1,   1,   1,   0,   0,   0,   0,   1,   2,   0,   2,   1,0.00,0.395211
P_3,0.00,0.00,"",141.70,0.22,259.65,10.16,1.832392378263938,-,-,0.11,0.25,47,  12,   2,  17,0.55,   0,  35,   6,   6,   0,   0,0.09,0.18,0.36,0.36,   1,   1,   1,   0,   0,   0,   1,   1,   1,   0,   1,   0,   0,   1,   0,   1,   1,   0,   0,   1,0.01,0.31661
P_4,0.00,0.00,"",138.11,0.12,297.57,9.67,2.1545869234668014,-,-,0.29,0.41,49,  16,   8,   6,0.20,   0,  33,   8,   8,   0,   0,0.11,0.22,0.11,0.56,   1,   1,   0,   1,   0,   0,   0,   0,   0,   0,   0,   1,   0,   1,   0,   0,   1,   1,   0,   2,0.00,0.318822
P_5,0.00,0.00,"",115.90,0.79,41.49,11.96,0.3579810181190682,-,-,0.11,0.36,89,  20,   5,   0,0.00,   0,  63,  15,  11,   0,   0,0.11,0.16,0.21,0.53,   1,   1,   2,   0,   0,   0,   2,   0,   2,   0,   1,   0,   0,   2,   2,   0,   1,   2,   1,   2,0.00,0.384045
P_6,0.00,0.00,"",109.25,0.22,284.98,5.66,2.608512585812357,-,-,0.44,0.72,41,  14,   3,  14,0.45,   0,  28,   6,   7,   0,   0,0.00,0.12,0.38,0.50,   0,   1,   1,   0,   0,   0,   0,   1,   0,   2,   1,   0,   0,   0,   0,   0,   0,   0,   1,   1,0.00,0.161191
