name,lig_cov,poc_cov,lig_name,volume,enclosure,surface,depth,surf/vol,lid/hull,ellVol,ell c/a,ell b/a,siteAtms,accept,donor,hydrophobic_interactions,hydrophobicity,metal,Cs,Ns,Os,Ss,Xs,negAA,posAA,polarAA,apolarAA,ALA,ARG,ASN,ASP,CYS,GLN,GLU,GLY,HIS,ILE,LEU,LYS,MET,PHE,PRO,SER,THR,TRP,TYR,VAL,simpleScore,drugScore
P_0,0.00,0.00,"",1468.48,0.08,1586.49,31.14,1.0803620069731967,-,-,0.29,0.44,291,  92,  34,  87,0.41,   1, 192,  45,  49,   4,   1,0.15,0.09,0.40,0.35,   3,   2,   1,   4,   1,   1,   6,  11,   2,   7,   4,   2,   3,   0,   1,   7,   4,   0,   2,   6,0.65,0.803195
P_1,0.00,0.00,"",246.85,0.06,491.64,14.18,1.9916548511241645,-,-,0.19,0.29,90,  19,   5,  14,0.37,   0,  69,   9,  11,   1,   0,0.20,0.05,0.05,0.70,   3,   0,   0,   2,   0,   0,   2,   0,   0,   1,   9,   1,   1,   0,   0,   1,   0,   0,   0,   0,0.08,0.587685
P_2,0.00,0.00,"",233.22,0.27,516.73,11.01,2.2156333076065517,-,-,0.10,0.31,64,  24,   9,  36,0.52,   0,  45,   8,  11,   0,   0,0.13,0.13,0.27,0.47,   1,   2,   0,   1,   1,   0,   1,   0,   0,   1,   2,   0,   0,   0,   1,   2,   0,   1,   1,   1,0.12,0.443479
P_3,0.00,0.00,"",213.50,0.19,429.48,10.66,2.011615925058548,-,-,0.18,0.29,55,  20,   7,  23,0.46,   0,  40,   6,   9,   0,   0,0.10,0.10,0.30,0.50,   1,   1,   1,   0,   0,   0,   1,   0,   0,   1,   2,   0,   0,   0,   0,   0,   1,   1,   1,   0,0.07,0.417211
P_4,0.00,0.00,"",170.11,0.19,225.00,10.48,1.322673564164364,-,-,0.36,0.97,49,  10,   1,  10,0.48,   0,  38,   5,   6,   0,   0,0.17,0.00,0.17,0.67,   0,   0,   0,   1,   0,   1,   1,   0,   0,   0,   5,   0,   1,   0,   2,   1,   0,   0,   0,   0,0.02,0.38541
P_5,0.00,0.00,"",139.78,0.41,226.72,8.45,1.6219773930462154,-,-,0.21,0.56,33,  12,   3,  11,0.42,   0,  23,   4,   6,   0,   0,0.08,0.17,0.42,0.33,   0,   0,   2,   0,   0,   0,   1,   2,   0,   1,   0,   2,   1,   1,   0,   1,   0,   0,   0,   1,0.00,0.246939
P_6,0.00,0.00,"",126.34,0.10,360.15,8.28,2.8506411271173024,-,-,0.29,0.34,39,  12,   4,  17,0.52,   0,  29,   3,   7,   0,   0,0.22,0.22,0.11,0.44,   1,   0,   0,   1,   0,   0,   1,   0,   1,   0,   2,   1,   0,   0,   0,   1,   0,   0,   0,   1,0.00,0.246781
P_7,0.00,0.00,"",101.25,0.23,293.45,6.66,2.8982716049382713,-,-,0.29,0.55,37,  10,   1,  14,0.56,   0,  28,   3,   6,   0,   0,0.25,0.25,0.00,0.50,   1,   0,   0,   1,   0,   0,   1,   0,   1,   1,   0,   1,   0,   1,   1,   0,   0,   0,   0,   0,0.00,0.183161
