name,lig_cov,poc_cov,lig_name,volume,enclosure,surface,depth,surf/vol,lid/hull,ellVol,ell c/a,ell b/a,siteAtms,accept,donor,hydrophobic_interactions,hydrophobicity,metal,Cs,Ns,Os,Ss,Xs,negAA,posAA,polarAA,apolarAA,ALA,ARG,ASN,ASP,CYS,GLN,GLU,GLY,HIS,ILE,LEU,LYS,MET,PHE,PRO,SER,THR,TRP,TYR,VAL,simpleScore,drugScore
P_0,0.00,0.00,"",464.90,0.21,720.06,11.80,1.5488492148849216,-,-,0.11,0.36,81,  16,  11,  49,0.64,   0,  60,  10,  10,   1,   0,0.00,0.17,0.33,0.50,   1,   0,   1,   0,   1,   0,   0,   0,   1,   0,   3,   2,   0,   1,   1,   3,   0,   0,   1,   3,0.39,0.636832
P_1,0.00,0.00,"",281.02,0.30,546.43,16.26,1.9444523521457546,-,-,0.05,0.14,79,  24,   8,  28,0.47,   0,  55,  11,  13,   0,   0,0.12,0.06,0.35,0.47,   1,   0,   3,   1,   0,   0,   1,   0,   0,   1,   1,   1,   0,   1,   2,   0,   1,   1,   2,   1,0.15,0.66198
P_2,0.00,0.00,"",186.88,0.31,371.71,8.18,1.9890303938356164,-,-,0.28,0.33,38,  16,   5,  23,0.51,   1,  22,   5,  10,   0,   1,0.40,0.20,0.10,0.20,   1,   1,   0,   3,   0,   0,   1,   0,   0,   0,   0,   1,   0,   1,   0,   1,   0,   0,   0,   0,0.06,0.247518
P_3,0.00,0.00,"",178.75,0.20,332.15,9.87,1.8581818181818182,-,-,0.24,0.38,57,  10,   5,  17,0.53,   0,  41,   9,   7,   0,   0,0.00,0.08,0.33,0.58,   1,   0,   2,   0,   1,   0,   0,   0,   0,   1,   4,   1,   0,   0,   0,   1,   0,   0,   0,   1,0.06,0.362617
P_4,0.00,0.00,"",169.60,0.16,369.34,14.27,2.1777122641509434,-,-,0.08,0.14,66,  20,   5,  13,0.34,   0,  46,  10,  10,   0,   0,0.13,0.27,0.40,0.20,   0,   1,   2,   0,   0,   1,   2,   1,   1,   2,   1,   2,   0,   0,   0,   0,   0,   0,   2,   0,0.00,0.480084
P_5,0.00,0.00,"",116.99,0.49,148.71,11.63,1.2711342849816225,-,-,0.14,0.23,80,  16,   7,   7,0.23,   0,  57,  12,  11,   0,   0,0.00,0.05,0.45,0.50,   1,   1,   2,   0,   0,   1,   0,   1,   0,   4,   1,   0,   0,   0,   1,   2,   2,   1,   1,   2,0.00,0.36868
P_6,0.00,0.00,"",116.54,0.27,340.21,11.92,2.919255191350609,-,-,0.08,0.16,48,  16,   7,  16,0.41,   0,  29,   9,  10,   0,   0,0.09,0.18,0.45,0.27,   1,   2,   2,   1,   0,   0,   0,   1,   0,   0,   1,   0,   0,   0,   0,   2,   0,   0,   0,   1,0.00,0.351392
P_7,0.00,0.00,"",114.30,0.21,303.55,8.06,2.6557305336832897,-,-,0.23,0.60,37,  20,   4,  15,0.38,   0,  22,   5,  10,   0,   0,0.09,0.09,0.55,0.27,   0,   0,   3,   0,   0,   0,   1,   0,   0,   0,   0,   1,   0,   1,   1,   2,   0,   0,   1,   1,0.00,0.205945
