name,lig_cov,poc_cov,lig_name,volume,enclosure,surface,depth,surf/vol,lid/hull,ellVol,ell c/a,ell b/a,siteAtms,accept,donor,hydrophobic_interactions,hydrophobicity,metal,Cs,Ns,Os,Ss,Xs,negAA,posAA,polarAA,apolarAA,ALA,ARG,ASN,ASP,CYS,GLN,GLU,GLY,HIS,ILE,LEU,LYS,MET,PHE,PRO,SER,THR,TRP,TYR,VAL,simpleScore,drugScore
P_0,0.00,0.00,"",1490.56,0.09,1477.90,19.12,0.9915065478746244,-,-,0.25,0.42,282,  74,  20,  94,0.50,   0, 199,  36,  42,   5,   0,0.04,0.12,0.32,0.52,   3,   3,   0,   1,   0,   1,   1,   6,   1,   6,   4,   3,   5,   3,   5,   4,   3,   1,   4,   2,0.69,0.808267
P_1,0.00,0.00,"",820.10,0.11,766.23,20.63,0.9343128886721132,-,-,0.06,0.13,164,  45,  11,  50,0.47,   0, 112,  22,  26,   4,   0,0.03,0.11,0.31,0.56,   2,   2,   0,   1,   0,   0,   0,   3,   1,   4,   3,   1,   4,   2,   3,   3,   2,   0,   3,   2,0.57,0.836775
P_2,0.00,0.00,"",287.04,0.07,418.20,13.59,1.4569397993311035,-,-,0.17,0.49,93,  32,  16,   9,0.16,   0,  58,  19,  15,   1,   0,0.18,0.14,0.36,0.32,   0,   1,   1,   3,   1,   0,   1,   2,   0,   0,   1,   2,   0,   2,   1,   2,   1,   1,   1,   2,0.04,0.559363
P_3,0.00,0.00,"",252.99,0.08,432.01,15.47,1.707616901853828,-,-,0.11,0.18,77,  32,  13,  13,0.22,   0,  47,  14,  15,   1,   0,0.22,0.17,0.33,0.28,   0,   1,   1,   3,   1,   0,   1,   2,   0,   0,   1,   2,   0,   3,   0,   1,   1,   0,   0,   1,0.03,0.598996
P_4,0.00,0.00,"",170.56,0.20,314.75,7.09,1.8453916510318948,-,-,0.48,0.70,43,  14,   4,   7,0.28,   0,  33,   3,   7,   0,   0,0.20,0.00,0.40,0.40,   0,   0,   0,   2,   0,   0,   0,   0,   0,   0,   2,   0,   0,   2,   0,   2,   0,   0,   2,   0,0.00,0.234415
P_5,0.00,0.00,"",111.74,0.00,97.35,11.87,0.8712189010202255,-,-,0.11,0.23,74,  10,   2,   2,0.14,   0,  57,   9,   8,   0,   0,0.00,0.00,0.25,0.75,   1,   0,   0,   0,   1,   1,   0,   1,   0,   5,   2,   0,   1,   2,   1,   2,   0,   0,   0,   3,0.00,0.385661
