name,lig_cov,poc_cov,lig_name,volume,enclosure,surface,depth,surf/vol,lid/hull,ellVol,ell c/a,ell b/a,siteAtms,accept,donor,hydrophobic_interactions,hydrophobicity,metal,Cs,Ns,Os,Ss,Xs,negAA,posAA,polarAA,apolarAA,ALA,ARG,ASN,ASP,CYS,GLN,GLU,GLY,HIS,ILE,LEU,LYS,MET,PHE,PRO,SER,THR,TRP,TYR,VAL,simpleScore,drugScore
P_0,0.00,0.00,"",1278.46,0.13,1608.98,23.16,1.2585297936579947,-,-,0.12,0.25,306,  84,  41,  55,0.30,   1, 201,  54,  50,   0,   1,0.08,0.11,0.38,0.42,   3,   3,   5,   3,   0,   4,   2,   9,   1,   4,   8,   3,   1,   3,   2,   4,   1,   1,   1,   5,0.61,0.808115
P_1,0.00,0.00,"",325.50,0.10,889.82,17.97,2.7337019969278034,-,-,0.10,0.21,121,  49,  13,  47,0.43,   0,  80,  16,  24,   1,   0,0.13,0.04,0.39,0.43,   1,   0,   3,   2,   0,   0,   1,   1,   0,   1,   2,   1,   2,   1,   1,   5,   0,   0,   0,   2,0.18,0.729755
P_2,0.00,0.00,"",139.39,0.00,222.59,13.82,1.5968864337470408,-,-,0.09,0.19,81,  18,   6,   3,0.11,   0,  57,  11,  13,   0,   0,0.11,0.21,0.16,0.53,   2,   0,   1,   1,   0,   0,   1,   1,   0,   5,   1,   4,   0,   0,   0,   0,   0,   0,   1,   2,0.00,0.481323
P_3,0.00,0.00,"",129.02,0.20,228.96,9.45,1.7746085878158424,-,-,0.45,0.51,36,   8,   5,  10,0.43,   0,  28,   4,   4,   0,   0,0.29,0.29,0.00,0.43,   1,   0,   0,   1,   0,   0,   1,   0,   0,   1,   1,   2,   0,   0,   0,   0,   0,   0,   0,   0,0.00,0.288464
P_4,0.00,0.00,"",121.41,0.23,283.72,8.05,2.3368750514784615,-,-,0.31,0.68,43,  18,   7,  10,0.29,   0,  27,   8,   8,   0,   0,0.00,0.36,0.45,0.18,   0,   1,   1,   0,   0,   0,   0,   1,   1,   1,   1,   2,   0,   0,   0,   2,   1,   0,   0,   0,0.00,0.195254
P_5,0.00,0.00,"",120.38,0.13,200.49,7.89,1.6654759926898157,-,-,0.44,0.74,44,  10,   3,   8,0.38,   0,  32,   5,   7,   0,   0,0.17,0.08,0.25,0.50,   1,   1,   0,   2,   0,   1,   0,   0,   0,   0,   1,   0,   0,   0,   1,   0,   1,   0,   1,   3,0.00,0.235266
P_6,0.00,0.00,"",118.02,0.32,189.33,7.02,1.6042196237925777,-,-,0.33,0.56,33,   8,   2,   8,0.44,   0,  23,   4,   6,   0,   0,0.11,0.00,0.33,0.56,   2,   0,   1,   1,   0,   1,   0,   0,   0,   1,   1,   0,   0,   0,   0,   0,   0,   0,   1,   1,0.00,0.21128
P_7,0.00,0.00,"",100.93,0.00,206.48,13.75,2.045774299019122,-,-,0.08,0.11,60,   4,   0,   8,0.67,   0,  54,   2,   4,   0,   0,0.07,0.07,0.00,0.86,   0,   0,   0,   0,   0,   0,   1,   0,   0,   5,   4,   1,   0,   2,   0,   0,   0,   0,   0,   1,0.00,0.442678
