name,lig_cov,poc_cov,lig_name,volume,enclosure,surface,depth,surf/vol,lid/hull,ellVol,ell c/a,ell b/a,siteAtms,accept,donor,hydrophobic_interactions,hydrophobicity,metal,Cs,Ns,Os,Ss,Xs,negAA,posAA,polarAA,apolarAA,ALA,ARG,ASN,ASP,CYS,GLN,GLU,GLY,HIS,ILE,LEU,LYS,MET,PHE,PRO,SER,THR,TRP,TYR,VAL,simpleScore,drugScore
P_0,0.00,0.00,"",647.94,0.11,661.47,21.26,1.020881563107695,-,-,0.21,0.31,137,  45,  11,  44,0.44,   0,  96,  11,  29,   1,   0,0.10,0.03,0.47,0.40,   3,   1,   2,   1,   0,   1,   2,   2,   0,   2,   0,   0,   1,   1,   2,   2,   1,   1,   6,   2,0.45,0.836481
P_1,0.00,0.00,"",223.81,0.18,424.99,12.58,1.89888744917564,-,-,0.14,0.20,68,  22,   9,  27,0.47,   0,  47,  10,  11,   0,   0,0.14,0.21,0.36,0.29,   1,   1,   0,   1,   0,   0,   1,   0,   0,   0,   3,   2,   0,   0,   0,   2,   0,   0,   3,   0,0.09,0.468119
P_2,0.00,0.00,"",202.11,0.24,428.75,11.69,2.1213695512344763,-,-,0.09,0.18,45,   7,   2,  32,0.78,   0,  33,   5,   5,   2,   0,0.08,0.08,0.15,0.69,   0,   0,   1,   0,   0,   0,   1,   1,   0,   2,   2,   1,   2,   0,   0,   0,   0,   0,   0,   3,0.19,0.463066
P_3,0.00,0.00,"",112.83,0.21,371.99,8.27,3.296906851014801,-,-,0.08,0.23,38,   4,   0,  30,0.88,   0,  33,   2,   3,   0,   0,0.00,0.00,0.00,1.00,   0,   0,   0,   0,   0,   0,   0,   0,   0,   1,   4,   0,   0,   1,   1,   0,   0,   0,   0,   1,0.10,0.257173
