name,lig_cov,poc_cov,lig_name,volume,enclosure,surface,depth,surf/vol,lid/hull,ellVol,ell c/a,ell b/a,siteAtms,accept,donor,hydrophobic_interactions,hydrophobicity,metal,Cs,Ns,Os,Ss,Xs,negAA,posAA,polarAA,apolarAA,ALA,ARG,ASN,ASP,CYS,GLN,GLU,GLY,HIS,ILE,LEU,LYS,MET,PHE,PRO,SER,THR,TRP,TYR,VAL,simpleScore,drugScore
P_0,0.00,0.00,"",601.34,0.24,821.91,19.75,1.3667974856154588,-,-,0.05,0.08,124,  30,  10,  58,0.59,   0,  95,  12,  17,   0,   0,0.03,0.17,0.31,0.48,   3,   0,   0,   0,   0,   0,   1,   1,   0,   2,   4,   5,   0,   1,   2,   3,   3,   1,   2,   1,0.47,0.823968
P_1,0.00,0.00,"",548.48,0.14,790.34,20.58,1.4409641190198366,-,-,0.09,0.13,126,  32,   9,  36,0.47,   0,  91,  16,  19,   0,   0,0.15,0.11,0.22,0.52,   2,   0,   0,   3,   0,   0,   1,   3,   0,   3,   3,   3,   0,   2,   3,   2,   0,   0,   1,   1,0.38,0.829853
P_2,0.00,0.00,"",331.78,0.22,408.62,12.50,1.231599252516728,-,-,0.16,0.31,67,  19,   7,  21,0.45,   0,  48,   8,   9,   2,   0,0.12,0.12,0.24,0.53,   2,   1,   1,   0,   1,   0,   2,   1,   0,   0,   4,   1,   1,   0,   1,   0,   1,   0,   0,   1,0.19,0.582359
P_3,0.00,0.00,"",237.57,0.07,391.20,15.14,1.6466725596666245,-,-,0.12,0.61,98,  17,  10,  14,0.34,   0,  69,  17,  11,   1,   0,0.14,0.09,0.14,0.64,   1,   1,   0,   1,   1,   0,   2,   1,   0,   0,   3,   1,   2,   1,   3,   1,   0,   2,   0,   2,0.05,0.61089
P_4,0.00,0.00,"",226.37,0.15,408.69,11.57,1.8054070769094843,-,-,0.24,0.43,59,  20,  10,  23,0.43,   0,  39,  11,   8,   1,   0,0.15,0.23,0.31,0.31,   0,   1,   1,   1,   1,   0,   1,   0,   1,   1,   1,   1,   0,   0,   1,   1,   0,   0,   1,   1,0.08,0.433237
P_5,0.00,0.00,"",151.94,0.23,327.92,7.81,2.1582203501382127,-,-,0.15,0.27,39,  14,   2,  19,0.54,   0,  29,   3,   7,   0,   0,0.10,0.20,0.20,0.50,   1,   0,   0,   1,   0,   0,   0,   1,   0,   0,   1,   2,   0,   1,   0,   0,   1,   0,   0,   2,0.02,0.257677
P_6,0.00,0.00,"",122.56,0.15,384.57,8.20,3.137810052219321,-,-,0.26,0.53,41,   8,  10,  19,0.51,   0,  27,   8,   6,   0,   0,0.00,0.36,0.27,0.36,   0,   1,   0,   0,   0,   0,   0,   1,   1,   0,   0,   2,   0,   0,   2,   1,   0,   1,   1,   1,0.00,0.23005
P_7,0.00,0.00,"",106.50,0.20,297.04,6.94,2.7891079812206576,-,-,0.14,0.18,32,  10,   5,  16,0.52,   0,  23,   3,   6,   0,   0,0.12,0.12,0.12,0.62,   1,   0,   0,   1,   0,   0,   0,   0,   0,   1,   2,   1,   0,   0,   0,   0,   1,   1,   0,   0,0.00,0.205752
