name,lig_cov,poc_cov,lig_name,volume,enclosure,surface,depth,surf/vol,lid/hull,ellVol,ell c/a,ell b/a,siteAtms,accept,donor,hydrophobic_interactions,hydrophobicity,metal,Cs,Ns,Os,Ss,Xs,negAA,posAA,polarAA,apolarAA,ALA,ARG,ASN,ASP,CYS,GLN,GLU,GLY,HIS,ILE,LEU,LYS,MET,PHE,PRO,SER,THR,TRP,TYR,VAL,simpleScore,drugScore
P_0,0.00,0.00,"",1178.75,0.06,1317.86,24.78,1.1180148462354187,-,-,0.21,0.34,281,  82,  32,  52,0.31,   0, 195,  41,  42,   3,   0,0.14,0.19,0.22,0.46,   1,   6,   0,   6,   0,   1,   2,   4,   2,   4,   7,   3,   4,   3,   4,   0,   5,   1,   3,   3,0.61,0.812612
P_1,0.00,0.00,"",414.21,0.11,711.81,15.87,1.7184761352936915,-,-,0.33,0.66,116,  38,  11,  28,0.36,   0,  77,  18,  21,   0,   0,0.15,0.12,0.23,0.50,   2,   1,   1,   2,   0,   1,   2,   1,   1,   3,   5,   1,   1,   0,   1,   1,   0,   0,   2,   1,0.24,0.719595
P_2,0.00,0.00,"",294.78,0.24,512.33,15.60,1.7380080059705547,-,-,0.05,0.06,83,  32,   5,  23,0.38,   0,  57,   8,  17,   1,   0,0.32,0.05,0.26,0.37,   1,   0,   0,   2,   0,   0,   4,   1,   1,   1,   2,   0,   1,   1,   1,   2,   1,   0,   1,   0,0.13,0.639798
P_3,0.00,0.00,"",153.09,0.09,259.65,11.93,1.6960611405055848,-,-,0.11,0.19,70,  20,   4,   8,0.25,   0,  47,   9,  14,   0,   0,0.23,0.15,0.31,0.31,   0,   1,   0,   2,   0,   2,   1,   0,   0,   2,   1,   1,   0,   0,   0,   0,   1,   0,   1,   1,0.00,0.38682
P_4,0.00,0.00,"",128.13,0.15,229.59,6.32,1.7918520252868182,-,-,0.30,0.49,32,  16,   2,  10,0.36,   0,  22,   3,   7,   0,   0,0.00,0.12,0.50,0.38,   1,   0,   1,   0,   0,   1,   0,   0,   0,   1,   0,   1,   0,   0,   0,   1,   0,   0,   1,   1,0.00,0.177571
P_5,0.00,0.00,"",126.21,0.28,319.12,8.37,2.528484272244672,-,-,0.14,0.31,45,   6,   3,  19,0.68,   0,  36,   6,   3,   0,   0,0.10,0.10,0.10,0.70,   0,   0,   0,   0,   0,   0,   1,   1,   0,   1,   2,   1,   1,   1,   2,   0,   0,   0,   0,   0,0.04,0.272313
P_6,0.00,0.00,"",118.34,0.27,322.64,5.61,2.726381612303532,-,-,0.37,0.51,30,   4,   4,  29,0.78,   0,  23,   5,   2,   0,   0,0.29,0.43,0.00,0.29,   0,   1,   0,   2,   0,   0,   0,   0,   1,   0,   0,   1,   0,   1,   0,   0,   0,   0,   0,   1,0.07,0.141289
P_7,0.00,0.00,"",115.97,0.28,213.79,8.22,1.8434940070707941,-,-,0.33,0.66,28,   6,   1,  19,0.73,   0,  23,   2,   3,   0,   0,0.14,0.14,0.00,0.71,   0,   0,   0,   1,   0,   0,   0,   0,   0,   2,   2,   1,   0,   0,   0,   0,   0,   0,   0,   1,0.04,0.258938
