name,lig_cov,poc_cov,lig_name,volume,enclosure,surface,depth,surf/vol,lid/hull,ellVol,ell c/a,ell b/a,siteAtms,accept,donor,hydrophobic_interactions,hydrophobicity,metal,Cs,Ns,Os,Ss,Xs,negAA,posAA,polarAA,apolarAA,ALA,ARG,ASN,ASP,CYS,GLN,GLU,GLY,HIS,ILE,LEU,LYS,MET,PHE,PRO,SER,THR,TRP,TYR,VAL,simpleScore,drugScore
P_0,0.00,0.00,"",2455.68,0.14,2540.49,25.78,1.0345362587959344,-,-,0.31,0.59,368, 106,  47, 116,0.43,   0, 253,  58,  57,   0,   0,0.13,0.16,0.20,0.51,   6,   9,   1,   5,   0,   6,   4,   3,   0,   3,  17,   2,   0,   4,   3,   2,   1,   0,   1,   3,0.66,0.815872
P_1,0.00,0.00,"",427.58,0.25,551.99,12.52,1.2909630946255672,-,-,0.10,0.10,77,  20,   7,  27,0.50,   0,  57,   9,  11,   0,   0,0.22,0.06,0.22,0.50,   2,   1,   0,   2,   0,   1,   2,   1,   0,   1,   5,   0,   0,   0,   1,   1,   1,   0,   0,   0,0.30,0.637088
P_2,0.00,0.00,"",267.97,0.00,420.78,12.30,1.5702504011643093,-,-,0.37,0.80,105,  32,   8,   8,0.17,   0,  74,  14,  17,   0,   0,0.10,0.05,0.10,0.76,   5,   1,   0,   2,   0,   1,   0,   0,   0,   2,   5,   0,   0,   2,   1,   1,   0,   0,   0,   1,0.02,0.542915
P_3,0.00,0.00,"",190.78,0.14,359.66,13.20,1.8852080930915192,-,-,0.14,0.20,64,  18,   8,  17,0.40,   0,  41,  11,  12,   0,   0,0.07,0.27,0.40,0.27,   1,   3,   1,   0,   0,   0,   1,   2,   1,   1,   1,   0,   0,   0,   0,   1,   2,   0,   0,   1,0.02,0.46441
P_4,0.00,0.00,"",127.68,0.09,295.23,8.93,2.312265037593985,-,-,0.33,0.55,41,  12,   4,   5,0.24,   0,  30,   4,   7,   0,   0,0.09,0.09,0.36,0.45,   1,   1,   0,   1,   0,   1,   0,   1,   0,   1,   2,   0,   0,   0,   0,   1,   0,   0,   1,   1,0.00,0.271619
P_5,0.00,0.00,"",124.29,0.40,177.93,7.64,1.4315713251267197,-,-,0.63,0.82,27,   6,   3,   9,0.50,   0,  21,   3,   3,   0,   0,0.00,0.17,0.17,0.67,   1,   0,   0,   0,   0,   1,   0,   0,   0,   0,   1,   1,   0,   0,   1,   0,   0,   0,   0,   1,0.00,0.244584
P_6,0.00,0.00,"",104.38,0.30,289.07,6.86,2.7694002682506227,-,-,0.70,0.80,25,   6,   3,  24,0.73,   0,  20,   2,   3,   0,   0,0.00,0.17,0.17,0.67,   0,   0,   0,   0,   0,   1,   0,   0,   0,   0,   2,   1,   0,   2,   0,   0,   0,   0,   0,   0,0.02,0.204446
