name,lig_cov,poc_cov,lig_name,volume,enclosure,surface,depth,surf/vol,lid/hull,ellVol,ell c/a,ell b/a,siteAtms,accept,donor,hydrophobic_interactions,hydrophobicity,metal,Cs,Ns,Os,Ss,Xs,negAA,posAA,polarAA,apolarAA,ALA,ARG,ASN,ASP,CYS,GLN,GLU,GLY,HIS,ILE,LEU,LYS,MET,PHE,PRO,SER,THR,TRP,TYR,VAL,simpleScore,drugScore
P_0,0.00,0.00,"",567.23,0.22,745.74,23.00,1.314704793470021,-,-,0.10,0.41,173,  32,  13,  45,0.50,   0, 127,  25,  21,   0,   0,0.08,0.17,0.10,0.65,   3,   3,   1,   3,   0,   2,   0,   0,   4,   6,   7,   0,   0,   2,   3,   1,   0,   1,   0,   4,0.41,0.855109
P_1,0.00,0.00,"",341.44,0.13,439.56,16.75,1.2873711340206186,-,-,0.08,0.21,90,  20,  14,  27,0.44,   0,  60,  17,  13,   0,   0,0.10,0.24,0.19,0.48,   2,   1,   1,   2,   0,   2,   0,   0,   4,   2,   2,   0,   0,   0,   1,   1,   0,   1,   0,   2,0.20,0.708919
P_2,0.00,0.00,"",178.05,0.18,297.45,8.89,1.6705981465880368,-,-,0.27,0.41,47,  14,   6,  11,0.35,   0,  31,   7,   9,   0,   0,0.08,0.25,0.50,0.17,   1,   1,   0,   1,   0,   1,   0,   3,   0,   0,   1,   2,   0,   0,   0,   1,   0,   0,   1,   0,0.00,0.259433
P_3,0.00,0.00,"",131.78,0.15,257.09,7.81,1.950903020185157,-,-,0.21,0.33,47,  16,   7,   7,0.23,   0,  30,   7,  10,   0,   0,0.09,0.27,0.45,0.18,   1,   1,   0,   1,   0,   1,   0,   2,   0,   0,   1,   2,   0,   0,   0,   1,   0,   0,   1,   0,0.00,0.194386
