name,lig_cov,poc_cov,lig_name,volume,enclosure,surface,depth,surf/vol,lid/hull,ellVol,ell c/a,ell b/a,siteAtms,accept,donor,hydrophobic_interactions,hydrophobicity,metal,Cs,Ns,Os,Ss,Xs,negAA,posAA,polarAA,apolarAA,ALA,ARG,ASN,ASP,CYS,GLN,GLU,GLY,HIS,ILE,LEU,LYS,MET,PHE,PRO,SER,THR,TRP,TYR,VAL,simpleScore,drugScore
P_0,0.00,0.00,"",1288.64,0.18,1574.75,19.65,1.2220247703004716,-,-,0.35,0.60,225,  62,  29,  98,0.52,   0, 153,  36,  34,   2,   0,0.16,0.20,0.30,0.34,   1,   5,   2,   3,   0,   1,   5,   4,   2,   2,   3,   3,   2,   5,   2,   2,   3,   0,   3,   2,0.69,0.788027
P_1,0.00,0.00,"",391.23,0.26,633.70,11.79,1.6197633105845666,-,-,0.10,0.34,73,  26,  12,  28,0.42,   0,  46,  16,  11,   0,   0,0.00,0.44,0.38,0.19,   2,   3,   2,   0,   0,   0,   0,   0,   3,   0,   0,   1,   0,   0,   1,   2,   2,   0,   0,   0,0.24,0.529241
P_2,0.00,0.00,"",217.86,0.14,430.25,8.92,1.9748921325621958,-,-,0.12,0.19,59,  10,  10,  18,0.47,   0,  42,  10,   6,   1,   0,0.20,0.30,0.20,0.30,   0,   1,   1,   1,   0,   0,   1,   0,   0,   0,   0,   2,   1,   1,   0,   0,   0,   0,   1,   1,0.08,0.319066
P_3,0.00,0.00,"",176.58,0.14,424.49,11.77,2.4039528825461547,-,-,0.13,0.24,46,  14,  10,  32,0.57,   0,  31,  10,   5,   0,   0,0.00,0.30,0.50,0.20,   0,   0,   1,   0,   0,   0,   0,   2,   3,   0,   0,   0,   0,   1,   1,   1,   1,   0,   0,   0,0.07,0.377443
P_4,0.00,0.00,"",158.98,0.21,325.50,11.29,2.04742734935212,-,-,0.10,0.24,57,  24,   4,   9,0.24,   0,  37,   7,  13,   0,   0,0.33,0.00,0.17,0.50,   0,   0,   0,   1,   0,   0,   3,   0,   0,   3,   0,   0,   0,   1,   1,   0,   0,   0,   2,   1,0.00,0.393789
P_5,0.00,0.00,"",146.56,0.19,238.29,10.59,1.6258870087336244,-,-,0.18,0.29,44,   6,   2,  12,0.60,   0,  36,   5,   3,   0,   0,0.09,0.18,0.18,0.55,   0,   0,   2,   1,   0,   0,   0,   0,   0,   0,   2,   2,   0,   2,   2,   0,   0,   0,   0,   0,0.04,0.357404
P_6,0.00,0.00,"",135.68,0.16,255.01,8.40,1.8794958726415092,-,-,0.41,0.63,45,  14,   6,   8,0.29,   0,  32,   6,   7,   0,   0,0.12,0.12,0.25,0.50,   0,   0,   1,   0,   0,   0,   1,   1,   0,   0,   0,   1,   0,   1,   0,   0,   0,   1,   0,   2,0.00,0.264938
