name,lig_cov,poc_cov,lig_name,volume,enclosure,surface,depth,surf/vol,lid/hull,ellVol,ell c/a,ell b/a,siteAtms,accept,donor,hydrophobic_interactions,hydrophobicity,metal,Cs,Ns,Os,Ss,Xs,negAA,posAA,polarAA,apolarAA,ALA,ARG,ASN,ASP,CYS,GLN,GLU,GLY,HIS,ILE,LEU,LYS,MET,PHE,PRO,SER,THR,TRP,TYR,VAL,simpleScore,drugScore
P_0,0.00,0.00,"",190.59,0.19,95.12,14.72,0.49908179862532137,-,-,0.21,0.37,86,   6,   0,   1,0.14,   0,  78,   4,   4,   0,   0,0.00,0.05,0.05,0.89,   0,   0,   0,   0,   0,   0,   0,   0,   0,   3,   3,   1,   1,   7,   0,   0,   0,   0,   1,   3,0.00,0.554165
P_1,0.00,0.00,"",126.40,0.23,414.81,7.20,3.2817246835443035,-,-,0.13,0.21,45,  18,   8,  22,0.46,   0,  30,   7,   8,   0,   0,0.22,0.11,0.33,0.33,   0,   0,   0,   2,   0,   1,   0,   1,   1,   0,   0,   0,   1,   1,   0,   0,   0,   0,   1,   1,0.00,0.196486
P_2,0.00,0.00,"",120.38,0.15,254.38,6.99,2.113141717893338,-,-,0.41,0.45,40,  14,   4,   7,0.28,   0,  24,  10,   6,   0,   0,0.18,0.45,0.18,0.18,   0,   1,   0,   2,   0,   0,   0,   2,   3,   0,   0,   1,   0,   0,   1,   0,   0,   0,   0,   1,0.00,0.163298
P_3,0.00,0.00,"",113.41,0.14,266.35,7.90,2.348558328189754,-,-,0.39,0.47,36,  12,   4,   6,0.27,   0,  21,  10,   5,   0,   0,0.18,0.45,0.18,0.18,   0,   1,   0,   2,   0,   0,   0,   2,   3,   0,   0,   1,   0,   0,   1,   0,   0,   0,   0,   1,0.00,0.185535
P_4,0.00,0.00,"",113.15,0.14,251.00,8.04,2.218294299602298,-,-,0.38,0.59,41,  14,   3,   9,0.35,   0,  26,   8,   7,   0,   0,0.20,0.40,0.20,0.20,   0,   0,   0,   2,   0,   0,   0,   2,   3,   0,   0,   1,   0,   0,   1,   0,   0,   0,   0,   1,0.00,0.192732
