name,lig_cov,poc_cov,lig_name,volume,enclosure,surface,depth,surf/vol,lid/hull,ellVol,ell c/a,ell b/a,siteAtms,accept,donor,hydrophobic_interactions,hydrophobicity,metal,Cs,Ns,Os,Ss,Xs,negAA,posAA,polarAA,apolarAA,ALA,ARG,ASN,ASP,CYS,GLN,GLU,GLY,HIS,ILE,LEU,LYS,MET,PHE,PRO,SER,THR,TRP,TYR,VAL,simpleScore,drugScore
P_0,0.00,0.00,"",2506.82,0.06,2453.02,41.79,0.9785385468442089,-,-,0.07,0.29,453, 118,  43, 117,0.42,   0, 329,  57,  62,   5,   0,0.11,0.12,0.18,0.59,   8,   6,   2,   5,   0,   4,   5,   1,   3,   3,  12,   2,   9,   6,   6,   1,   5,   6,   3,   3,0.65,0.809688
P_1,0.00,0.00,"",1736.90,0.05,1719.66,33.71,0.9900742702515977,-,-,0.05,0.08,331,  74,  27,  96,0.49,   0, 251,  33,  40,   7,   0,0.03,0.11,0.21,0.65,   3,   3,   2,   1,   0,   3,   1,   1,   2,   3,  12,   2,   8,   5,   3,   1,   4,   6,   3,   3,0.68,0.808979
P_2,0.00,0.00,"",900.93,0.06,1085.89,22.68,1.2052989688433065,-,-,0.10,0.26,193,  64,  15,  45,0.36,   0, 129,  27,  35,   2,   0,0.20,0.15,0.20,0.45,   4,   6,   0,   6,   2,   2,   2,   0,   0,   0,   4,   0,   4,   4,   2,   0,   4,   0,   0,   0,0.57,0.830124
P_3,0.00,0.00,"",743.94,0.11,1007.22,18.88,1.3538995080248406,-,-,0.10,0.14,143,  48,  15,  42,0.40,   0, 100,  19,  24,   0,   0,0.26,0.16,0.16,0.42,   4,   3,   1,   3,   0,   2,   5,   0,   2,   1,   1,   0,   1,   1,   4,   0,   2,   0,   0,   1,0.49,0.816877
P_4,0.00,0.00,"",134.78,0.17,382.95,7.39,2.841296928327645,-,-,0.27,0.49,40,  16,   8,   8,0.25,   0,  25,   7,   8,   0,   0,0.25,0.38,0.12,0.25,   1,   3,   0,   1,   0,   0,   1,   1,   0,   0,   1,   0,   0,   0,   0,   0,   0,   0,   0,   0,0.00,0.194982
P_5,0.00,0.00,"",126.72,0.21,388.73,8.48,3.0676294191919196,-,-,0.20,0.35,37,  12,  10,   5,0.19,   0,  22,   8,   7,   0,   0,0.22,0.33,0.22,0.22,   1,   3,   0,   1,   0,   1,   1,   1,   0,   0,   1,   0,   0,   0,   0,   0,   0,   0,   0,   0,0.00,0.219677
P_6,0.00,0.00,"",109.82,0.20,244.09,7.77,2.2226370424330724,-,-,0.47,0.82,36,  16,   1,  20,0.54,   0,  24,   4,   8,   0,   0,0.20,0.10,0.20,0.50,   3,   0,   1,   0,   0,   1,   2,   0,   1,   0,   0,   0,   0,   1,   0,   0,   0,   1,   0,   0,0.00,0.223084
P_7,0.00,0.00,"",101.82,0.18,181.31,9.57,1.7806914162247105,-,-,0.31,0.44,40,  12,   2,  16,0.53,   0,  29,   5,   6,   0,   0,0.25,0.08,0.33,0.33,   1,   0,   0,   1,   0,   0,   2,   1,   0,   0,   1,   1,   0,   2,   0,   0,   2,   0,   1,   0,0.00,0.257756
